Transcript ID,young,mid,old,log_fold
NM_001134231,2.4452533433348513,2.317492674303553,2.0718433795622433,0.8472919115761849
NM_021076,0.5219059063212204,0.2889716849732052,0.09252703209258772,0.1772868077787945
NM_005439,2.5499542388136747,2.4897526794156053,2.421417503947862,0.9495925327171313
NM_006755,2.4033210171996315,2.317446212673205,2.173318146607626,0.9042978990546978
NM_004547,2.3510862447249106,2.260166458134078,2.1586265119516588,0.918140079631247
NM_000852,2.837331766758736,2.7274419159671117,2.548321036434878,0.8981399589185112
NM_001284368,2.4080222447541493,2.3420022177301125,2.26042024376926,0.9387040542061277
NM_016404,2.0849435374334395,2.0094866211756113,1.9368566661756412,0.9289731982669934
NM_152742,0.40662746253042237,0.2727311380974831,0.1336051045979682,0.3285688176753983
NM_002952,2.8973135415248317,2.8406737215078697,2.562307816486654,0.8843736722875126
NM_001278728,1.6562774516770606,1.588802452057977,1.439193191977757,0.8689324306869629
NM_001089591,2.301904981882847,2.2322366889636283,2.0741361519547157,0.90105202789829
NM_016498,1.2090812685202041,1.070974407277519,0.7768726517322417,0.6425313764748477
NM_006341,1.8292183785306366,1.7021033032555823,1.4768546213436615,0.8073692232033992
NM_002311,1.3148056394866923,1.2554560515875117,1.149843208249166,0.8745347401294016
NM_002028,1.5527766677181216,1.4738229266562597,1.3931133385331496,0.8971756000046003
NM_198318,2.2693500053637727,2.2030354621283315,2.054973251199465,0.9055338516942681
NM_002810,2.2527677185821333,2.1902609022744803,2.0983926988674777,0.9314731747790591
NM_175617,2.4011161226969064,2.2146009324415403,1.9510371190533744,0.8125542536701605
NM_001184962,1.448500167608914,1.2567915377991263,0.9288923816174962,0.6412787532850955
NM_001428,3.4921997760567365,3.442549694275495,3.285554120619978,0.9408265080212291
NM_001198879,1.4247907221693192,1.3628879407873833,1.2428171583835308,0.8722804963884633
NM_001008216,1.5445521621367584,1.4494956880803085,1.2166445189734199,0.7877005055564418
NM_014595,1.7306445373494064,1.6642891285405708,1.4655621170114979,0.8468302331200263
NM_198799,1.3099188261335617,1.1991598608406937,1.0419220467436037,0.7954096284111023
NM_005001,2.021443636370771,1.937766333751103,1.8000898170040245,0.8904971598593977
NM_001193397,2.234207399121838,2.194682236667573,2.0468524006001427,0.9161425216856163
NM_145861,2.0219280876400463,1.974440640400458,1.8273408765862682,0.9037615569795578
NM_005834,1.640432704776065,1.5563725823421801,1.4157848843909768,0.8630557536855773
NM_001321234,0.7766958599568391,0.36212799540441354,0.05747898656565078,0.07400449716423733
NM_006818,1.6512345916627014,1.3697856745740231,1.1297273169802968,0.6841712998773386
NM_001277223,3.046387691664585,2.9795050728227093,2.791970291377552,0.9164855474622745
NM_018957,0.7785040529143102,0.6302881341010277,0.45212980804720476,0.5807674428343286
NM_001289746,4.042674290399534,4.004131626695148,3.836707178562441,0.9490517669637103
NM_002798,2.480371640323751,2.4083509338680593,2.3564511156223706,0.9500395333155779
NM_003093,2.1318583049450077,2.067122923954902,1.956831771262581,0.9178995464771559
NM_017789,1.2404549032601093,1.170395274705162,1.037720586200458,0.8365645405352231
NM_001145940,1.6863545183829118,1.5687659995074754,1.1879094702057313,0.7044245188401119
NM_004579,1.1434275992125513,1.070591234036973,0.9098951300021494,0.7957610351794643
NM_001320610,1.271918681209103,1.192116185626984,1.000200630414146,0.7863715229525066
NM_002796,2.6574056149232477,2.5861745723979808,2.5481909218613596,0.9589017602549762
NM_005659,1.9067664133767894,1.8419035620730277,1.725238966037335,0.9047982773002707
NM_013387,2.1664098619516055,2.106770135713805,2.0496218286069183,0.9460914412384188
NM_001278610,1.6514563788121246,1.524740087059506,0.9402496155455422,0.5693457166709144
NM_005953,3.1334216344173305,2.995668256248096,2.3450808058108086,0.7484089533475388
NM_001271609,1.8181999076964857,1.7459319124883856,1.601476162720468,0.8808031261806688
NM_021103,3.986783666148281,3.928051485076975,3.804869503512601,0.9543706963133439
NM_004911,2.472848028245173,2.398657536247846,2.2754094160234763,0.9201574015198151
NM_018216,1.293611852043387,1.2343076547947516,1.0599948584886474,0.8194071945261489
NM_007100,2.6028597523088033,2.5439529690294864,2.4187760900284903,0.9292763806743617
NR_002941,0.7633858917732533,0.6720572638971438,0.4024864830123375,0.5272385661692148
NM_003213,1.326368740368304,1.1338985173935487,0.958677187332931,0.7227833091623729
NR_003144,1.2595327067209239,1.1980372623485251,1.00996650794967,0.8018581038510891
NM_002490,2.0780381356107003,2.02131963282365,1.9549885789857313,0.9407857081560215
NM_006503,2.0400088237194587,1.9778401301448165,1.9042402898974335,0.933447085010895
NM_138471,1.4724726442188099,1.4024149124619942,1.2005833183372487,0.8153518661626434
NM_016093,1.7972119680403178,1.741436787198013,1.5665928814690793,0.8716795288077755
NM_024068,1.6933909875738038,1.628077426540809,1.5469809156822383,0.9135403028798839
NM_001202559,1.6299450723653948,1.5701167479761828,1.5137557100363392,0.9287157804891915
NM_002795,2.418762891570165,2.339053682503672,2.243644877242043,0.9276001732379638
NM_006428,2.092425908389857,2.041134975986213,1.8298392718678596,0.8745061244610278
NM_001134776,1.5801182109575997,1.4899472635436555,1.262938961033728,0.7992686574179463
NM_013237,2.2080781643527625,2.150848071603482,1.950222318282514,0.8832215950354132
NM_003258,2.2889995739978244,2.206509612062307,1.6240697449585357,0.7095107239893612
NM_001290052,1.4081462798664173,1.320658688972769,0.7951419452562701,0.5646728302486448
NM_022897,0.6280250632145764,0.4506134605573463,0.32092203249861384,0.5110019508711309
NM_001278324,1.537461398533143,1.4475140933360653,0.8478070563502829,0.5514330682768077
NM_001014431,2.3206982507680647,2.2693021271581375,2.12946293410855,0.917595785408024
NM_183352,2.591157479616744,2.5376942635966766,2.4738776398600666,0.9547384361316302
NM_024333,0.8569723267552657,0.674285677970575,0.39542716673402184,0.4614234957051863
NM_145030,1.4950874518194364,1.405982630939878,1.145761030684945,0.7663505096578926
NM_001301131,1.657689512183452,1.599257653017858,1.4418281414067482,0.8697817841096318
NM_001614,3.8891686400905496,3.8395978683185388,3.65447826897082,0.939655388377742
NM_005052,1.0555329399192235,0.9586035066829994,0.5660387946512548,0.5362587686695708
NM_003095,1.8430237846564521,1.7674593053844614,1.6424544276534265,0.8911737555028827
NM_001093725,0.49060075532490904,0.2993717333810869,0.19792127484053504,0.40342635573289765
NM_001304562,1.8370588416631453,1.7920941440190998,1.610577362666356,0.876715174353507
NM_030665,1.2590465154374957,1.219758447509134,0.9716781426965558,0.771757143824758
NM_001023,2.8600510382566773,2.8125551050066857,2.698306314886988,0.9434469101403591
NM_001199580,2.1395929672912,2.0757781653172476,1.8330034312695784,0.856706606953483
NM_004269,1.4622285790539167,1.3626135110809843,1.276747736045795,0.8731519506149097
NM_003524,0.5519068367212583,0.38608448042328086,0.20003978452372723,0.36245208650089206
NM_001894,1.9892219798460744,1.9564473020140056,1.8746943322258212,0.9424259088323992
NM_006351,1.5455499656482037,1.4915649379163394,1.3860449576285832,0.8967972491573741
NM_199187,1.8283794857150308,0.9823731233904244,0.44729596237738456,0.24464065904921206
NM_184041,3.354296629886076,3.3168457058902363,3.1698540203333385,0.9450130295843866
NM_001289912,1.9362270009014402,1.9040425995997357,1.8226838535316838,0.9413585559353864
NR_037425,2.9085133126645983,2.836729526174371,2.2290471442308943,0.766387121050782
NM_006546,0.9534174340790095,0.6941332748642377,0.34082731043281456,0.35747962880713413
NM_001323067,2.5173424618412312,2.456250692780541,2.1641732461151446,0.8597055342769009
NM_001317743,2.64768614788615,2.6072967439914145,2.3625547811882286,0.8923092274643036
NM_014329,1.545082118552869,1.4870752486116086,1.3398588614172515,0.8671764725826803
NM_001018136,2.979437934979395,2.9370358494015183,2.816773876435537,0.9454044480557428
NM_002812,2.427075199936947,2.3637645931887055,2.3040795426864116,0.9493235078774113
NM_001199662,1.6764697068490462,1.6306947061772532,1.5501419120078321,0.9246465388995013
NM_005099,1.0978344698021087,0.9306977913861239,0.7057965112987005,0.6428988437809978
NM_018163,1.4018005817831238,1.3538871662664214,1.2596955440379793,0.8986267807334025
NM_021640,1.7883150275439987,1.721726055583499,1.6312859461049702,0.912191599902459
NM_014064,1.923297287578744,1.8470733636314676,1.6268859986688524,0.8458837898726274
NM_001164410,1.5443001112993635,1.4698363041882025,1.3385722128739397,0.8667824363152278
NM_024296,1.1875067507711201,1.113449140529988,0.9009699258776667,0.7587072033844121
NM_138493,1.7220624784050076,1.6381863686268103,1.5130973122032778,0.8786541319945166
NM_014856,1.2437963026277215,1.1988883478866943,1.1021026388581905,0.8860796872685824
NM_002792,2.614460467082793,2.5565143385639884,2.4488133186092425,0.9366419379603856
NM_006858,1.7573865527180188,1.6985467893423136,1.4920531840295905,0.8490182092960386
NM_007209,3.132416854218434,3.0931713897040534,2.8919145459735467,0.9232214869738674
NM_016049,1.505123575158528,1.434842014067153,1.2388068899349691,0.8230599203819469
NM_032112,2.017972174333476,1.9941921955044593,1.8641932384440685,0.9237953140061509
NM_001203261,1.7363989921795853,1.7041764139001572,1.4939747810680457,0.8603868049893069
NM_001287222,2.51945720866162,2.4993329476813146,2.4040605419955083,0.9541978064682383
NM_018946,2.053490201726812,1.9831498048367782,1.8652172935473863,0.9083156530179184
NM_004732,0.3552891452443733,0.2252843775816321,0.16232041185300408,0.45686848029471216
NM_001297739,1.192820463746937,1.1714090362591658,0.9972786260595757,0.8360676701729972
NM_004607,2.2402748444661174,2.1942682161860616,2.054623951918808,0.9171303052364755
NM_001042351,1.9519288514078819,1.8768989487114345,1.7736516979799422,0.908666162037949
NM_001317783,1.956113715130347,1.9069791136439558,1.7255929960120011,0.8821537227946971
NM_016199,2.1453487401613485,2.077604471567472,1.873205900093669,0.873147505124406
NM_001037663,2.5049465917656275,2.477073239300502,2.3054922214929947,0.9203757992572424
NM_001317926,0.8766578592174457,0.8289439010777545,0.4934202902075896,0.5628424875447354
NM_004765,1.9722046431110145,1.9458608585955108,1.6430100077436631,0.8330829224455785
NM_016466,1.2908135759974384,1.1945926336874815,0.9904748218753543,0.7673260029900087
NM_178120,1.0480152218610088,0.8639226483362814,0.5311996233587387,0.5068625076031463
NM_001018139,3.104887114257766,3.0669930017515408,2.9555648207744185,0.9519073357618532
NM_001206974,1.8253479767518865,1.7638003195618448,1.689152514275918,0.9253865760333976
NM_198216,2.5540263399825265,2.4731933862571123,2.277447152766378,0.891708561150532
NM_022914,1.3021917793436633,1.253366826627222,1.015612537283475,0.7799254713429145
NM_001007468,1.941550192442335,1.8877596563418273,1.80813387646128,0.9312836121876269
NM_001135998,2.0550283391870954,1.9919725595757494,1.9017952628595045,0.9254350543953058
NM_001007072,0.8131161968990248,0.7333645193368066,0.6060646596425556,0.7453604564192668
NM_001165417,1.8099276957631112,1.754147446629645,1.6289214373168213,0.8999925472879329
NM_001034024,1.5650350519771858,1.5299976504602126,1.4289438426200587,0.9130427084139768
NM_199444,2.451275570042621,2.4109029778462427,2.151761296062078,0.877812891524336
NR_036638,1.4715549053219399,1.4372183803242522,1.1737478499125296,0.79762423112289
NM_001199120,1.7286622944225771,1.6741137375389996,1.4497393243193775,0.8386480858620405
NM_138346,1.727801171761149,1.6956107307884762,1.5479468376164733,0.895905653333161
NM_001130991,1.9572995554295118,1.86448769641164,1.7613618984590478,0.8998938836792065
NM_017751,1.6981203721980365,1.6657704483140696,1.453070426626861,0.8556934186862241
NM_001004339,0.3971393841451266,0.23957423327364682,0.11954348940893385,0.301011418613796
NM_152550,0.4396953982260901,0.2678002604710102,0.12782524848328772,0.2907131823507517
NM_001619,1.5527618814884327,1.4974049197472614,1.3209822913685307,0.8507307573150078
NM_002804,2.4333456137947285,2.3800083625477497,2.262527174823449,0.9298009957965268
NM_182913,0.7248414371502848,0.5450159159091738,0.4004605209305356,0.5524801707045706
NM_003310,1.554406150086974,1.4969388610710026,1.4044733149656081,0.903543333823675
NM_004461,1.8497797874608628,1.7815690513009088,1.6130105597132367,0.8720013974892481
NM_002318,2.9566496185875875,2.8473777443987984,2.634374732702238,0.8909999738016633
NM_001037811,1.9629218810992062,1.8757606197052579,1.7809957114078345,0.9073186908541181
NM_003969,1.8179246952730341,1.7658398703966316,1.602194962120143,0.8813318650030821
NM_007221,1.8314342754035966,1.7851235599217752,1.719036459106644,0.9386285285764987
NM_001195228,1.8413172303775671,1.7802333895788367,1.1852755410026676,0.6437106661732719
NM_181866,1.980056653476257,1.8921294137342095,1.5460647464809945,0.7808184395970029
NR_049811,1.7062027600688918,1.6578333381038275,1.368961490898141,0.8023439669285648
NM_001278491,2.0503584990478902,2.0061185212784127,1.8549520114534932,0.9046964286074184
NM_004219,2.3071590954266736,2.2247917988934973,1.7394699190627079,0.753944503658522
NM_001002032,2.2789752002760335,2.2343080269195488,1.9947523997934389,0.8752848208053475
NM_017510,2.5473850977034416,2.47059205379153,2.416568996248649,0.9486469079320878
NM_001271521,1.5394158823434452,1.303544758551901,0.9233268673594511,0.5997903996897026
NM_139178,1.4902870712834875,1.4392505162024984,1.405257798365234,0.9429443665205903
NM_001004105,1.4384564572228373,1.3488480557227605,1.1510735589731802,0.8002143917484341
NM_001163424,2.3310724396863995,2.2530353707860837,2.099208717078025,0.900533454619039
NM_001042679,3.0083020666451574,2.9356392517421956,2.834636367098555,0.94227118962815
NR_137630,2.3469928268123548,2.275233150801465,2.239308450983914,0.9541181487228081
NM_019107,2.7468607335917157,2.653368323526635,2.5252681898773153,0.919328802875036
NM_006297,1.5720993569517547,1.5214279879569306,1.3682832914330088,0.8703542084554133
NM_001135155,0.693752340793559,0.5980635782183339,0.3821927145368581,0.5509065585273287
NM_000117,2.103720668636924,2.0697704540699613,1.9762276443163806,0.9393964102643196
NM_001658,2.815476171084811,2.8019065174107847,2.691241007492465,0.9558741910628645
NM_014402,2.128022626736296,2.0578337783620064,1.9727421309561595,0.927030618082155
NM_021933,1.1940276129713179,1.128286133393756,0.8605736246708536,0.720731761411556
NM_006825,2.8880601953069482,2.8113562924404003,2.746229052734465,0.9508905171703288
NM_005782,2.1236318571582573,2.0515164601312437,1.8413272495453612,0.8670651852102734
NM_007284,2.046421088891717,2.010322900852367,1.8385918828535652,0.8984425995381496
NM_006234,1.7674753941621926,1.7226147047358842,1.5460928716226174,0.8747464755261765
NM_004444,1.4862129590543431,1.4292856405461662,1.289506257003746,0.8676456823685895
NM_001319143,1.991015172931403,1.9603459313497376,1.8989020225340723,0.9537355859213714
NM_175573,2.184271754601378,2.1347563142311388,1.8538811453560184,0.8487410696268172
NM_001517,1.436004027411261,1.388809218205298,1.3053771773472203,0.909034482097152
NM_021134,2.0591883988510484,2.0118589445610158,1.8360790194524717,0.8916517888683407
NM_002708,2.3233139509347693,2.2870680377419705,2.1924318205917355,0.9436657580046922
NM_199141,1.8450000260304993,1.8179737517508003,1.7010886821819595,0.9219992727272943
NM_080626,0.9250362266945913,0.8447372317740963,0.6055655882708563,0.6546398625216102
NM_003773,1.795581717988228,1.7516378601643536,1.550130667823899,0.863302768286518
NM_001005408,1.1005593933976494,1.0691319188586519,0.9582075100530137,0.8706549740081118
NM_005694,1.8555857051862688,1.7716093011700487,1.5620506941277335,0.8418100493886541
NM_017838,2.111375987633452,2.0560387049209714,1.8475743965356484,0.8750570279083797
NM_006347,1.6694383988516452,1.600703909754309,1.4444225064457439,0.8652146179453625
NM_002809,2.168524134637731,2.121084522971715,2.0309063146397546,0.9365384881819789
NM_001009936,1.7301922426561762,1.6391494936676057,1.2821266874125161,0.7410313465769597
NM_004399,0.9136918350929736,0.8651082854002969,0.5846199121460731,0.6398436427820159
NM_004178,1.606316560266703,1.5527046731229,1.4210358808632022,0.8846549403856373
NM_002818,2.1541658854001637,2.0729992119929266,1.8755433063683309,0.8706587171767066
NM_001040661,0.4302310178454473,0.35791515589074513,0.23409635251563385,0.5441177944072101
NM_002793,2.5819525988833343,2.5123861007100663,2.4835683647360227,0.961895414272957
NM_001134396,2.0092537449339805,1.9597528761108107,1.5720560590241417,0.7824079278129183
NM_001013,3.04935929309195,3.0223243938108713,2.7929902134979594,0.9159269030137669
NM_018135,1.696761125179054,1.630255832362519,1.5990092707778218,0.9423891478000966
NM_145810,0.9968384521243288,0.7860492632192038,0.547344672193868,0.5490806168516476
NM_052909,0.3708435002139861,0.1454067112939327,0.04965275253873441,0.13389139221823632
NM_012459,1.7488920019013003,1.6757064655302996,1.5919732290048942,0.9102753213315559
NM_001301081,2.6161543569092074,2.578459333690466,2.4643070855369253,0.9419578317421307
NM_021020,1.1487877402860296,0.8279841304077054,0.508491962127107,0.44263352079340673
NR_029404,0.406612476138668,0.38342446321380863,0.221681805818262,0.5451918443905821
NM_032376,1.5236918499476089,1.4789758366200236,1.4201662231171857,0.9320560605256353
NM_001002246,2.1695827786856334,2.117575832295356,1.8865799631876359,0.8695588763525101
NR_033339,1.1297846007461474,1.098325776887909,1.0250359655020567,0.9072844193708153
NM_006176,0.5608359163786254,0.4300985230309071,0.17627450411943343,0.31430673209671706
NM_079421,1.6837440543019964,1.6034558485403614,1.2852354618247435,0.7633199704794466
NR_135578,1.984565171591327,1.9488814029629968,1.6607671772656245,0.8368418437646648
NM_001278379,2.272383050170947,2.2301611438712494,2.0791169284308477,0.9149500249416311
NM_002452,1.861388922123678,1.801195648818176,1.5036609719317233,0.8078166545743599
NM_001028,2.918059746671188,2.8835124353033383,2.7633643806053483,0.946986909283708
NM_016732,1.8042481264921058,1.7624857994123488,1.6119303647956609,0.8934083628118505
NM_001143985,2.174217412141171,2.0887048076686257,1.987385635724294,0.9140694139539224
NM_007104,2.9852470572553043,2.959213716098586,2.830221754421292,0.9480695232720384
NM_001039584,1.1353863101474926,1.0201217216842056,0.8479847657242103,0.7468689362777791
NM_005507,3.4571971962232095,3.431429322716964,3.3037995970562055,0.955629491041303
NM_001301210,0.6972349121251623,0.546349335214939,0.34912326445029906,0.5007254490257469
NM_006816,2.3416394530210947,2.303584032566678,2.180335878063733,0.9311151105054821
NM_004074,2.7885791309683556,2.7379715450144135,2.488980022952234,0.8925620920385776
NM_015705,1.6067232609713884,1.5681808581525676,1.4043018482208605,0.8740160065721906
NM_001012,3.279170620439704,3.2343074825941045,3.138979054604349,0.9572478586623355
NM_001144951,0.8569551569136127,0.819850329465035,0.5881159292199837,0.6862855360344953
NM_080413,1.5876028332022007,1.5407553387371336,1.4617800760566284,0.9207467040785084
NM_001346105,1.3778375850426314,1.3206776514837817,1.1267380302673595,0.8177582339884402
NM_016095,1.6203313880215682,1.5428224112416535,1.093888248482502,0.675101560439525
NM_014176,1.9249210722062366,1.8611028157133187,1.4294366814287809,0.7425949573041146
NM_001012762,1.242307573844542,1.1804578560673988,0.97288811543873,0.7831298270427142
NM_021992,0.9043130093435388,0.5648863215741797,0.36548018835297125,0.4041523063107116
NM_001005290,1.649347925319793,1.6045348398480455,1.1963942726287882,0.7253741034638393
NR_036614,1.2794170106051197,0.9970168441924487,0.7874033819918844,0.6154392004054019
NM_001003713,2.648485501720154,2.5958090718213342,2.5468418463602647,0.9616219702566342
NR_031592,2.2024907583673907,2.1385435017738668,1.8263385058111674,0.8292150597557792
NM_006461,1.8389248774869635,1.782252885515446,1.2265265068348918,0.6669802131944821
NM_138689,2.2392895647212154,2.2041849944117344,1.9194476003049092,0.8571681083789958
NM_013375,1.4231183518977235,1.388934745886786,1.3049854425598224,0.9169901019262584
NM_001032,2.9004841993712165,2.824782204428476,2.7148369017037424,0.9359943771775348
NM_001330111,1.9174763138337618,1.845698447446594,1.6781702475245186,0.8751973807536743
NM_001198557,1.8545291921506504,1.767534765366933,1.3350022393443888,0.7198604610781136
NM_022480,0.7864530909840204,0.7264790242640722,0.565990481464616,0.7196748133527472
NM_017670,1.877330916675937,1.8297525826582468,1.7829926622386787,0.9497487344403315
NM_007074,0.5328749345514753,0.41161961299699457,0.2009904013849216,0.37718118896715735
NM_001252075,1.9809734512342785,1.9419411706174972,1.4811058153800345,0.7476656562243209
NM_024053,1.5372002949868826,1.4829429027173764,0.8847737984152305,0.5755748299689082
NM_006114,1.7633083860648653,1.7205993008291074,1.4372526761417685,0.8150886637301443
NM_000094,1.7006416229915668,1.6219617725559843,1.2343719766357168,0.7258272171795702
NM_032737,2.094493031503597,2.0461324894749255,1.6329732358492806,0.7796508325821452
NM_001130688,2.3879237332898486,2.3241536358732224,2.0369321496122437,0.8530139054340555
NM_001203248,1.4853863767661666,1.4224453080024844,1.0902321041834504,0.733972063589942
NM_003792,2.7489305340973194,2.705976815978533,2.609471081944245,0.9492677423371596
NM_001009811,0.9680345654891669,0.9221616237141671,0.6136029673882847,0.6338647288676299
NM_005997,1.7347845355203269,1.694642942353949,1.6485960421269568,0.9503174650058089
NM_001206952,2.6979585015266436,2.674924789473646,2.380914194056396,0.8824873298492739
NR_132731,1.8192375321212446,1.7695400043555134,1.1427543648532874,0.6281501698795908
NM_005733,1.9628758847863625,1.888526707012384,1.3831694181968288,0.704664736531404
NM_145730,1.7701308923517203,1.7291530461649436,1.574933685664575,0.8897272469902977
NM_024065,1.524005325524748,1.4499844125543933,1.3386217103318077,0.8783576329504565
NM_001031703,1.7161907466934585,1.6698558504263552,1.5774686595192795,0.9191686078942849
NM_006110,1.7920499165645865,1.740030903982647,1.7151031224446718,0.9570621368251706
NM_001142575,1.973173958000751,1.9415255038167543,1.724143191246002,0.873791783159823
NM_016306,2.1658065838433824,2.1128732278480387,2.021792317422945,0.9335054812859264
NM_001277074,1.7235896349141242,1.6855731998855916,1.5863936687371116,0.9204010262083944
NR_004399,1.6265395266557638,1.5650817829336732,1.2249515136303353,0.7531028256957819
NM_001318870,1.862427889210198,1.811137038596207,1.6294642288350336,0.8749139970869113
NM_001286086,1.972804097013516,1.9236493771258394,1.818834092610523,0.9219537283828249
NM_006086,2.460242355964607,2.369955237631447,1.8401171820878837,0.747941428464032
NM_016491,2.135356042743612,2.0957711438297975,2.020551554804677,0.9462363719956376
NM_005225,1.4887589767537075,1.431494393251931,0.9977703763328226,0.6702027607642016
NM_024516,1.40733501238874,1.375878692974185,1.2090861687503822,0.8591317334585031
NM_016286,1.7177964430065749,1.6422156706307494,1.4977838030079,0.8719215883264972
NM_000710,1.6441017374046465,1.5860296686265656,1.1261507141085456,0.684964128732246
NM_005030,1.949057396854906,1.9150495974831343,1.2376323003750376,0.6349901764679384
NM_001040668,1.2893211261626427,1.2264455035525261,0.9042176955261587,0.7013130221617847
NM_002263,1.8681970142893431,1.8390065285590378,1.1849400270311239,0.6342693077699151
NM_003200,1.6164173267827253,1.5667288589976829,1.3615231716411362,0.8423091914951668
NM_025128,1.5484031407856482,1.5070991116583847,1.32491053722848,0.8556625224592546
NM_005251,0.9637498477608989,0.6352612676589896,0.2556542185862276,0.26527030762203974
NM_015950,1.522932441715816,1.4660138461509153,1.4117978531394946,0.9270259234538918
NM_001012301,1.2888753843143361,1.2343973081779571,0.8739838947760529,0.6780980577427974
NM_014838,1.0822315929207522,1.0424682261209621,0.9664151756677196,0.8929837032936134
NM_001288976,2.5713985886834543,2.5277133508379115,2.4358389253132144,0.9472817384411626
NM_001271097,2.2181279777881295,2.173858271563711,2.025564616111485,0.9131865412613999
NM_032818,0.619410516755772,0.5412747833232892,0.2891866582901715,0.46687398819900117
NM_002817,2.2533020617189843,2.1906173389379675,2.154831033247128,0.9562992329591464
NM_001201477,0.8883008745681072,0.7993978266189352,0.45159709847831114,0.5083830393591339
NM_002273,0.8789149919890258,0.47962487236364737,0.2553672382255337,0.29054827890422674
NM_001011,2.4774241821319842,2.442782835400098,2.13968325231471,0.863672546569467
NM_178448,1.0325255390254402,0.9479253503198455,0.447340874825157,0.433249210714327
NM_004526,1.6545566384309345,1.5847306958409983,1.2097633954290374,0.7311707362138369
NM_021216,0.9376653773946136,0.9035699910112694,0.8058540432003921,0.8594260411315697
NM_005441,1.3160592061599912,1.2648977673511859,0.936023095386612,0.7112317523447507
NM_001145713,2.278945691999817,2.2309371736427357,2.1037117291085417,0.9231074423991631
NR_033399,0.5356258878424033,0.45300581548334884,0.23464144164225198,0.4380696433240552
NM_018992,1.7034872095510618,1.6515256247360246,1.5029423111031353,0.8822739041869423
NM_000365,3.2600125675934133,3.221739573175823,3.1291794531886614,0.9598672975358084
NM_015629,1.820436965211872,1.7851498496638984,1.6355956921506618,0.8984632389950963
NM_024324,1.8480715478765484,1.802349843505647,1.6404804706222627,0.8876715149406365
NM_032430,0.8258215424316194,0.707636020349787,0.5610310671205663,0.6793611431697683
NM_001134340,1.8882232771886016,1.8214181219006924,1.664925184347623,0.8817416904353336
NM_001024,2.9446304734206024,2.882621487435909,2.763853943183148,0.938608075998257
NM_001164239,1.6527987843673506,1.6091713184856313,1.5562073050810326,0.9415588393457762
NM_001099771,1.0127400533331326,0.8956518614802106,0.45423498774327137,0.4485208087191694
NM_053051,1.5176442164261206,1.4681780962575448,1.3054899221889187,0.8602081489581259
NR_001447,1.5998982975682172,1.4730426854860923,1.0888964206754157,0.680603524818106
NM_001316965,1.6230009415589053,1.5598725668419968,1.2693999088157077,0.7821313446660352
NM_033643,3.0373016426278734,3.0100689104950824,2.754409239970052,0.9068606164473467
NM_001099692,1.5705032786338582,1.5220228991183515,1.1663752868466621,0.7426761234534085
NM_005949,0.8173986111554333,0.49857532970608454,0.24921496990928366,0.3048879292283186
NM_001204221,0.5850160439177889,0.5078290894825006,0.29402770381414534,0.5025976755185614
NM_001001852,1.1732475952392776,1.1158582764852911,0.8827061424312307,0.7523613481186872
NM_004701,1.9194881352130904,1.8864871163109933,1.3403031690217786,0.6982607208837923
NR_106770,3.0191023941856976,2.9565715450463523,2.8008148154153445,0.9276978551006618
NM_002690,1.2537692160448919,1.1311690499092903,1.0738080180483125,0.8564638565905451
NM_001195125,0.9954320607487416,0.9166590265662304,0.6764295917355768,0.6795336602146225
NM_007317,1.8600976331807322,1.8216149830479436,1.383643607349961,0.7438553668733808
NM_031300,1.431894615910845,1.4022144691294482,0.7411435205466818,0.5175964154842719
NM_181701,1.3590804132897314,1.3008172903735093,1.2001171618296775,0.8830361692320513
NM_014891,2.021647283532959,1.9998035698487713,1.8459132183246265,0.9130738251722991
NM_001321196,0.4309799978277387,0.36216682009569057,0.24971001850363,0.5794004820693286
NM_213674,3.4251777213076413,3.317482487296731,3.1225845460640853,0.9116562117751852
NM_001013845,1.5712160469311793,1.5154314130345767,1.4121615295673486,0.8987697982880916
NM_012145,2.011825668350924,1.956058609119933,1.6227618999134157,0.8066115893846705
NM_206920,0.6127419496706069,0.5813406402461307,0.329030328529834,0.5369802552391126
NM_021922,1.0531750930051846,0.9675299767456959,0.7979917211847452,0.75770090508665
NM_001282308,2.159918056025187,2.1481800087329805,2.0079042747286926,0.9296205794139064
NM_004587,2.4332330571609058,2.3894887266854887,2.2810332611269724,0.937449560951009
NR_026712,3.0329722058755535,3.008372358113059,2.8034568563894453,0.9243265899234141
NM_001168,2.014310908916576,1.9837308375575176,1.4263377376694673,0.7081020766732788
NM_016647,1.001356584518556,0.9117260771986944,0.6965675220665555,0.6956238495215563
NM_006739,1.9091224016338633,1.8841266762831295,1.4122133047865404,0.7397185762305976
NM_001289934,1.3462558646002185,1.29545679524462,1.0183727590372331,0.7564481506193083
NR_031756,1.3728544634729605,1.3171893290789431,0.6409270976639175,0.46685727782283687
NM_004596,1.8182493163675786,1.7665176526098034,1.6203575046766363,0.8911635440148097
NM_001267580,2.272657225390559,2.241160192566585,1.7259311203375078,0.7594330993055517
NM_001271007,1.9825661612362129,1.9263055488145995,1.658230363943541,0.8364060662215504
NM_002096,1.9288217470885127,1.919966326576627,1.8108742706709526,0.9388499862179605
NM_001009,3.0071290423022674,2.980469179617605,2.855493804513329,0.9495747486536706
NM_032479,1.893381082483383,1.856567989172199,1.7249535393053994,0.9110440340108016
NM_130443,1.6179488399936852,1.5677713255899155,1.4715985039488966,0.9095457579206523
NM_001317193,2.1393557616391905,2.0818924467373003,2.0132767977605144,0.9410668547329064
NR_002837,1.2476763513881484,1.1760164958850425,1.0958733820269604,0.8783314525499389
NM_004565,1.4069275943699329,1.3845607963289732,1.2097460098087354,0.8598495151063537
NM_152259,0.8452458143832544,0.7930736092756681,0.4602594883809829,0.5445273795491289
NM_001255,2.1505147813233507,2.0848509679675846,1.4775748981665136,0.6870796290259703
NM_177542,2.6420048725811207,2.5975200819213384,2.5483514152400137,0.9645521254282882
NM_002660,1.6390070821237424,1.5937168745526797,1.5226403819944963,0.9290017099996517
NM_001199693,1.977398258027154,1.953911535088201,1.682519898810512,0.8508755846124586
NM_001300971,2.3254031100128616,2.2739491876499116,2.1870166567167275,0.940489262829201
NM_182563,0.6173919789413682,0.5440922256316107,0.33056923019875367,0.535428449792262
NM_016328,1.2265244898146561,1.1580371387169175,1.0055628318882743,0.8198473330444694
NM_006397,1.8682226211898414,1.822590581429438,1.381077753628071,0.7392468852285304
NM_032377,1.9352223016732641,1.900241589773535,1.8117465632338505,0.9361955790129889
NM_005918,2.140785776385976,2.108382854404307,2.034961128157517,0.9505673807273188
NM_032511,0.08519621571895684,0.033078653075679317,0.02432421449917115,0.28550815659948164
NM_003108,0.4464165566829652,0.12391401255250316,0.05717211721528851,0.12806898928681723
NM_012321,2.054005067895118,2.00726625976247,1.801415261667225,0.8770257142127018
NM_014551,1.608202546736113,1.5531969681198978,1.253247684129444,0.7792847279547849
NM_001330523,2.196609649116363,2.1193775910197474,1.9622239307952074,0.8932965998690561
NR_125795,0.6224301830682316,0.43266526816613593,0.14215422891404692,0.2283858218656851
NM_007255,1.664320816612275,1.6067283551495928,1.473843803334171,0.8855527063190738
NM_001297602,1.7282826505297975,1.7042214291625517,1.1245103065787159,0.6506518515556481
NM_058180,1.027342809380158,0.9924818927088856,0.6149736083635425,0.5986060375840696
NM_001256601,0.89334611674224,0.7890543315960791,0.6207022934976892,0.6948060576579217
NR_125368,0.8383266777574478,0.5042932537897903,0.31765248945394736,0.3789125383718892
NM_007260,1.6348819781404091,1.5884669012465054,1.4166767476737052,0.8665315090726606
NM_014262,2.1816126915708907,2.139176081222568,2.0020395679966705,0.917687899292098
NM_001168347,1.0874456786347357,1.0315051642920239,0.7773098918834715,0.7148034215919338
NM_024821,0.9968549638355884,0.9352608485512336,0.756575231395203,0.7589621949457286
NM_152298,1.8172431103582867,1.7450834764344978,1.5663784937304366,0.8619531887627353
NM_003609,1.2659493465610185,1.228734467447903,1.0017068960144486,0.7912693337498923
NM_032704,2.855046739204286,2.804763277908494,2.521219486718262,0.8830746803889231
NR_076392,1.8963986848510608,1.8806389992650558,1.643975873895597,0.8668935952276888
NM_002794,1.8150007378575375,1.7555641553510617,1.7230058888363051,0.9493141533761441
NR_104025,1.1705177051670292,1.0867913107019622,0.9166864761873984,0.7831461857781896
NM_025217,1.4831496204753272,1.3215856113384739,1.0578629760953437,0.7132543888298435
NM_000660,2.2385009833555585,2.222200091571084,1.9152082346604007,0.8555762311033094
NM_007019,2.208633959621749,2.2048923835886156,1.5253229388979328,0.6906182585181113
NM_001173988,1.8221992315665367,1.79933551622554,1.5488959112433986,0.8500145782148198
NM_205846,0.5245042994487358,0.44543843404370115,0.35799378804611237,0.682537375618028
NM_006012,1.9174097863251982,1.8815624200018126,1.661951010569035,0.8667688161507919
NM_000269,2.5664423225753055,2.4860822967256766,2.370597466629603,0.9236901393719298
NM_003021,1.8713095373879038,1.8477161048978075,1.621881509042135,0.8667093693681822
NM_006844,1.6433082678023603,1.6269053994913039,1.433422595432049,0.8722785757957654
NM_207354,1.3989193458598812,1.3382269968252505,1.1698500719030247,0.8362526941708328
NM_015918,1.7681263774914948,1.707916754960205,1.5933331713545786,0.9011421308102978
NM_005049,1.3599153080590016,1.299522826707453,1.1721932598769256,0.8619604860173163
NM_001206736,1.7309746346210948,1.6841192455093714,1.6330483224975758,0.9434270669454641
NM_005581,0.6937253318028267,0.46097377135865547,0.2750658448890298,0.39650540679291507
NM_001265577,1.3560803646586284,1.3578838129220907,0.749477254666135,0.5526790846608888
NM_016062,2.107095933725663,2.0249533074349264,1.9940575610263522,0.9463534759428622
NM_152856,1.5741703758080317,1.5614400198383436,1.3852544018003996,0.8799901351779281
NM_003321,2.172317904480914,2.136029970704187,2.047039318241198,0.9423295338213161
NM_203399,2.6924670109556503,2.648887680154533,2.306994470356298,0.8568329569012864
NM_138353,1.4383523306692818,1.4175203200148354,1.1035484885648497,0.7672309941273957
NM_001261430,0.4859720002907873,0.3261248996480126,0.18299409801252414,0.37655276004178717
NM_001270960,1.784469090997425,1.749739658332387,1.534473627840491,0.8599048510180697
NM_018369,0.9934511068009576,0.9430369014374964,0.5542921830161238,0.5579461125178239
NM_001014,2.0030149260509162,1.9455170220207,1.237415818714829,0.6177766339237825
NM_172251,1.9665130697182147,1.8955890342802664,1.8110019141979088,0.9209203549597617
NM_001256335,1.7152229877561762,1.677594911157444,1.5000465140807093,0.874548979805269
NM_004553,2.160025579388847,2.094158794520627,1.941610392445543,0.898883055354788
NM_016400,1.714313925300532,1.6285627348098106,1.5688524919853726,0.915148893578719
NM_001098,1.8628997677571524,1.82053285068205,1.7366635363797314,0.932236702391453
NM_080748,2.2420377814667702,2.166122862923015,1.9235414474505994,0.8579433689079912
NM_205767,1.9570697419584497,1.929512820567775,1.7005238109864436,0.8689132403042115
NM_001199119,1.4709176030302977,1.4244819807216254,1.3489831880003007,0.9171031641889423
NM_005809,2.3469650043862758,2.2768562489669177,2.182021345197398,0.9297204436876509
NM_001282963,1.6882655189487623,1.6869947251043722,1.1098488435791685,0.6573899846454494
NM_022092,1.1064800537857205,1.0858769882852353,0.520142454477005,0.47008751101963847
NM_001826,1.514284086184324,1.4363492625156047,1.1126878823754678,0.7347946746103673
NM_033015,1.9731189566924392,1.9418170829498937,1.7787550347449534,0.9014940679130162
NM_031287,2.3387954038700953,2.2983326982244927,2.2117843024760453,0.9456937955394132
NM_016172,1.6311240453203906,1.6023807716803369,1.5016799486945813,0.9206411695068946
NM_003755,2.3192478366444935,2.3006884004550683,2.189886294580912,0.9442226311394375
NM_002695,1.987068888387972,1.9592053162553937,1.764491687198331,0.8879871742291688
NM_001111077,2.4214706703876536,2.300287571123274,2.000426578393999,0.826120507201415
NM_022834,0.5203277326593758,0.4655780824855581,0.26021916631848707,0.5001062791493287
NM_198722,0.5891060975954112,0.5701330567275966,0.38802958142140576,0.658675208091121
NM_022066,1.194841461107617,1.1583136764663455,1.0753064468976519,0.8999574269048579
NM_001164189,2.598252594551044,2.5883543028074962,2.4120738644127515,0.9283446380352937
NM_001916,2.1372882541428013,2.0967567298809224,1.941364230932199,0.9083305572700201
NM_006342,1.944604579722995,1.9509607906535982,1.336688913791073,0.6873834031500027
NM_013291,1.6633595095425684,1.6298445975794926,1.405760655139399,0.8451333864234737
NM_138457,0.9541890967503689,0.9048995787202154,0.6737805188874646,0.7061289226444979
NM_001145966,1.8618894671709618,1.835518833937102,1.2613371438964134,0.6774500667931408
NM_030981,2.4388653558388844,2.4315073146484414,2.3014811753463187,0.9436688129733548
NM_007165,1.6610549040614326,1.6459931959241274,1.3389935985508408,0.8061103791794466
NM_001184970,1.8712506176910537,1.835946954527463,1.7117620448081876,0.914768993861624
NM_001197125,1.7197433761391838,1.6677774687546576,1.543089497821118,0.8972789308166124
NM_012310,1.4496633585165786,1.4262197651168527,0.902388485075855,0.6224814056135469
NM_001270363,2.106005720870742,2.0835073653814566,1.9534012989305825,0.9275384580260949
NM_001024957,1.860406460715589,1.8230300347424324,1.6762239241603623,0.9009987653534688
NM_001243142,1.959337194833968,1.9596963565109653,1.4114506399988795,0.7203714826219508
NM_033082,2.070553415531084,2.016456732758044,1.9514615443775483,0.9424830722741874
NM_005370,1.9056310781321935,1.879213973354557,1.7767831683718296,0.9323857008636455
NM_024099,1.6840485753488965,1.643535771235897,1.5545981464467409,0.923131416280355
NR_130963,1.9982555873556882,1.964499786725561,1.852183870845091,0.9269003837973022
NM_052876,1.7179943389382764,1.6827741536737302,1.4641728823978322,0.8522571054004134
NM_004146,2.3656430562027966,2.340089039342265,1.9070459898814651,0.8061427462106447
NM_032336,1.2638533108990562,1.2093560827426935,0.847149812217547,0.6702912473401819
NM_001297655,1.8040598160119943,1.7888585512700317,1.2179204316994683,0.6750998059431146
NM_001416,2.885698452842327,2.849111149416358,2.7285350280117617,0.9455371282208077
NM_003779,1.4711006080753626,1.398738806353644,1.361307317513917,0.9253665657136204
NM_002882,2.0938498853675656,2.064104024863462,1.8434266121081566,0.8804005602266715
NR_045351,1.2715655095326872,1.2319875623213183,1.0273686690884136,0.8079557532713998
NM_016426,1.6445087959386586,1.6540083675620851,1.0372742052079664,0.6307501715829421
NM_002916,1.6385803195290785,1.5862330351170475,1.32806988079436,0.8105003245590318
NM_001122671,1.0466141894899956,0.9869255424604456,0.8842932191415668,0.8449084944782507
NM_001242884,1.3520426565475305,1.338784376960505,1.1042706556611404,0.816742467638498
NM_007279,2.117323204821302,2.0891650336742105,1.9619349879667356,0.9266110074736177
NM_001130414,0.4450741454517157,0.12709509230787178,0.08105584561180881,0.1821176234120349
NR_045662,1.149402180230669,0.8135810231525762,0.57226972952909,0.4978846737651424
NM_024050,1.4677101762306337,1.4138611731402058,1.297309119990059,0.8839000648764337
NM_013335,2.014161967550024,1.97019925634194,1.8766651647559305,0.9317349820871946
NM_001018003,2.1037475592216484,2.0644526528919487,1.9025543808474974,0.9043643913014977
NM_001308178,1.0475978170779021,0.9416979454096259,0.5412290149693314,0.5166381660463923
NM_002856,1.8090217897457677,1.7538469323930037,1.5704611021312862,0.8681272448089153
NM_003365,2.269732207084711,2.226195500567817,2.1435941968960663,0.944426038545464
NM_001281441,1.1655292253115161,1.1121906301796831,1.0154820512199878,0.8712626240226412
NM_001281771,1.3338869173435037,1.2829622553580695,1.2017486613483255,0.9009374375915332
NM_001282112,1.1158511675751608,1.0779733447569613,0.994772732208393,0.8914923075002185
NR_037926,2.563262443147718,2.5295339429224173,2.411593477946327,0.9408297165954104
NM_001280561,0.5632562982715206,0.5304836018686175,0.3572514610379054,0.6342609255044503
NM_033417,1.3845197869765056,1.3140527035851366,0.9769456790407942,0.705620597286106
NM_006819,2.27226280887903,2.2210560749802917,2.123837798382804,0.9346796462467964
NM_203352,2.476956616359156,2.4087371275791045,2.1309484333033546,0.8603091468092025
NM_001256372,0.7858314599131034,0.7097689970408259,0.4245191814315197,0.5402165770742529
NR_130152,2.0008698677657804,1.9592404087176476,1.8466333639330301,0.9229152748424492
NM_145701,1.559216354275247,1.511842667816831,1.1498644036269088,0.7374630213915292
NM_001287490,0.8110675151881205,0.7403548694122509,0.43970012061001373,0.542125177468153
NM_005262,1.2273615706439938,1.1758095341499526,1.0916118620083506,0.8893971329374313
NM_033280,1.5424765219545442,1.4227922084565319,1.149251915544072,0.7450693084701224
NM_005556,2.538972979612421,2.331079469923805,1.7240935834177422,0.6790515681978342
NM_001317167,1.6927828899352417,1.63268727101574,1.4609968550249397,0.8630739734620255
NM_006231,1.327791390462034,1.2819954010353007,1.0129861914352807,0.7629106490009624
NM_175856,1.0841826018896652,0.8888172809450876,0.6711267766747423,0.6190163681883556
NM_033274,1.7969773126662116,1.5935846438952526,1.3432024715454565,0.7474788146059116
NM_057092,2.1742905653570164,2.147662813292349,2.0308362500663337,0.934022472627927
NM_033363,1.7826013372561318,1.7293525650892,1.490204576993137,0.8359718720322142
NM_015658,1.8203260205639702,1.783953578766527,1.5812277466117628,0.8686508508634456
NM_015972,1.778111648492014,1.7032108273877624,1.6403364037709671,0.9225159765204329
NM_001270888,1.135911333643022,1.1028935674640648,0.7323896975826297,0.6447595651975374
NM_005879,1.107613869646236,1.0680548149635136,0.7416313211875974,0.6695756901495546
NM_001164638,1.135697677537673,1.0936225566743576,0.8636256443324787,0.7604362159170047
NM_001301240,2.7953473170134484,2.773399291307014,2.47137319650425,0.8841023730620592
NM_001034,2.018528320004917,1.9848764453180485,1.4266916464978474,0.7067979340980324
NM_021130,2.3837365064628218,2.355287093269799,2.187830731106898,0.9178156751701453
NM_020315,1.3875540135757856,1.3256529602960982,1.1333520718074659,0.8167985251159842
NM_001308632,1.2520671640573582,1.2217016183644474,0.7914855547371146,0.6321430490775621
NM_019108,1.3010044604598003,1.2553782809667013,1.166837194509069,0.8968740922661295
NR_106740,0.9295699063515751,0.8056381286236423,0.41687436213377316,0.44845939964853593
NR_037481,0.9230006962380244,0.7740066991339806,0.37696985224846086,0.40841773336132725
NM_001165895,1.8208819592808816,1.7366267674019524,1.5150275507431572,0.8320295244956378
NM_016538,1.281398975165535,1.2209519286825712,1.080167613312877,0.8429596357163761
NM_001211,1.659871321827959,1.6386520187491262,1.0984778468080771,0.6617849422197146
NM_006082,3.2601660391806613,3.223511824832783,2.979081609801884,0.9137821736682409
NM_001320605,1.1383346598063864,1.1083904358289334,0.952925478218028,0.83712243144745
NM_000973,3.254782653132382,3.2349557967937463,3.086165563136609,0.9481940553439115
NR_134491,0.9235097810310806,0.8291821301632909,0.5216476283761993,0.5648533876856073
NM_001173455,1.6920741724701023,1.6512131088781596,1.6108627246495086,0.9520047943867375
NM_003132,2.2612361371109757,2.2185361878011736,1.9974771497261152,0.8833562832929749
NM_001320035,1.4780095502734478,1.4385044038273216,1.2671510173243472,0.8573361498847626
NM_032310,1.6424096902109075,1.6298714310361477,1.3815638846550922,0.8411810359434014
NM_001032394,0.7584742846331822,0.5146496019845265,0.3415193915042667,0.4502715496405185
NM_001318942,2.3223377998738255,2.261175665176693,2.240016968115919,0.9645526022259213
NM_031966,2.208432090432797,2.1875274717363777,1.6680147054282255,0.7552936368993518
NM_002743,2.47425224448157,2.4592882847252797,2.3157461454920742,0.9359377770221211
NM_199122,1.7495877632579087,1.708479382151229,1.5783466873189635,0.9021249007708667
NM_001199345,2.480811633258938,2.4185065208675387,1.851174780246963,0.7461972345780854
NM_181464,1.8107530495398654,1.756382545766491,1.4704245667565916,0.8120514098431283
NM_005837,1.7993019817394433,1.7554943995816836,1.5509763835330161,0.8619878148712076
NM_002105,2.0633084683951712,2.027096309737652,1.5112000473579035,0.7324159574323396
NM_006455,1.9588692933771328,1.8621180549368315,1.763954673283553,0.900496362492087
NM_001281733,1.2049541042707532,1.1368887048355185,1.0743585926228678,0.8916178540037234
NM_022165,1.2788473588021836,1.2119978105525282,0.9175714246227111,0.7174987838127476
NM_003504,1.3906280310811248,1.343843584495321,0.8758220989658728,0.6298032826829881
NM_001301229,1.5338799174847575,1.4962292721999573,1.1832833003069132,0.7714315096107722
NM_001319169,1.341361412560035,1.2838798202445014,1.2352247726899697,0.9208739427895872
NM_023083,1.1043728864749018,1.0756490994291088,0.7873815798307923,0.7129671413285701
NM_138501,1.6318335820825385,1.6066839755526399,1.4525294591671893,0.8901210730774874
NM_001267864,2.254500791239542,2.1853203425952303,2.1125858903189405,0.9370526275829889
NM_001166131,1.0837538469932677,1.0732174580055194,0.6375280557525207,0.5882590936320626
NR_027308,1.0038202193632733,0.9669614337264552,0.7790572154602867,0.7760923723517399
NM_006782,1.737296591426149,1.7028047431629307,1.5760178842982338,0.9071668545694197
NM_001010866,0.9025381093375762,0.8576006814106043,0.619629653885678,0.686541263438127
NM_014750,1.7730654819705756,1.7572739557706403,1.1874178854371034,0.6696977057595264
NM_006396,1.713331902758624,1.6799416130822689,1.401103674998309,0.8177654736612338
NM_001127182,1.9575846731178113,1.9313244489481842,1.403818309593348,0.7171175422810758
NM_021149,2.5750094024062724,2.5425301085842924,2.345659886652195,0.9109325521142732
NR_036520,0.29318143488314075,0.21359210828514955,0.14885136717916223,0.5077107533718598
NM_018154,1.6634810442058308,1.6370305177073423,1.1281407004350748,0.6781806768189925
NR_027277,0.7749052493790278,0.6800418145625737,0.5174992779112287,0.6678226509962709
NM_145806,1.5541268747980392,1.5058686035466768,1.4119899797601263,0.9085422835530182
NM_130781,1.5481202958760765,1.4713939936557865,1.4050753138136476,0.9076008612228159
NM_197964,1.1595128245014934,1.104926461463216,0.978663884796306,0.8440302376276525
NM_001085372,1.1959610624435943,1.1566612638557807,0.863293915161473,0.7218411554282428
NM_033199,0.8478929824506313,0.7754078116507986,0.47043168172984445,0.5548243604637162
NM_002180,1.0359424810875502,1.016511565411435,0.8613235823566171,0.8314395809431281
NM_004405,0.9034695177715355,0.7932149370683268,0.419827570383097,0.46468371331290526
NM_001012507,1.6217766653137813,1.5553830534346083,1.200513247251963,0.7402457273731262
NM_052943,0.7898515632250974,0.6727600385985297,0.4521285878545037,0.5724222232445629
NM_020675,1.4289014993663411,1.4329131630635918,0.8794166287582577,0.6154494408104706
NM_006808,2.6267890902285886,2.5820790350624527,2.5118817353658103,0.9562555839407804
NM_012337,0.40953305061436607,0.3587993851346828,0.24881388354663783,0.6075550756486604
NM_015897,1.0728629224234132,1.0519492303688414,0.8947136619810298,0.8339496531020246
NM_001297571,0.7948888072852413,0.6966458045603251,0.6053115936059942,0.7615047388493189
NM_001171184,0.4697239833583881,0.36106377479968266,0.22681431084336282,0.48286721325512766
NM_012112,2.1237029454784127,2.110696740767514,1.602113749023133,0.7543963492795459
NR_134879,1.2486158938532854,1.2189480502062886,1.0837331768877003,0.8679476068042434
NM_020242,1.1262234971361835,1.0953357462462159,0.6702904506304769,0.5951664588200516
NM_144604,1.4497859032075973,1.4409700831503598,1.2907710312352971,0.8903183762371495
NM_031423,1.6225111552980906,1.636560097954187,1.0594429397680112,0.6529649650226093
NM_033661,1.1882819199082983,1.1232082018445018,0.9527511285193218,0.8017887948617842
NM_030927,1.2964067312840157,1.183085611933379,1.1176489195430983,0.8621128636351123
NM_001171155,1.7064584567381726,1.6188647546470363,1.4818933101126806,0.8684028048038512
NM_001809,1.447502826148447,1.4156175949732939,0.9230681850719247,0.63769698296759
NM_006913,1.7289105762799566,1.6784933215294509,1.604056399118696,0.9277844795015915
NM_016565,1.9976836744149933,1.9506695342549998,1.8801996569966934,0.9411898795975774
NM_000992,2.785729659753945,2.783880990276342,2.481069283975253,0.8906353404710484
NM_002622,2.0591144235853807,2.0026057305790563,1.9747215614993645,0.9590149721067617
NM_001130915,0.7846795502095828,0.7206201936216491,0.5590730447590647,0.7124858097929785
NM_013260,1.717140843862434,1.674623397251018,1.613850736861902,0.9398476209044113
NM_004095,2.1552046581102275,2.1155828661682414,1.8882028074163508,0.876112994796515
NM_001919,1.654841376413454,1.5681333857160076,1.3418015085974329,0.810833912979337
NM_001320838,1.7865395650597087,1.7336072527826805,1.6362630239229172,0.9158840117085406
NM_001321092,2.004147019615828,1.9694656455698936,1.7897743230366943,0.8930354437668816
NM_005762,2.239127152172046,2.1907125562776812,2.020514373893419,0.9023669655979278
NM_000980,1.9657404072478957,1.9267315486507792,1.4585555783076294,0.7419878906338694
NM_001321463,1.8889472931612927,1.8635878428910861,1.504566623363751,0.796510643156034
NM_001304833,1.136729200630439,1.0938967826363575,0.8919666648565003,0.7846782367883297
NM_005133,1.284033776071252,1.23340748117708,1.1169630119411793,0.8698860051475766
NM_017827,1.2289306602902703,1.1929981124623321,1.0482979000009256,0.8530163123713752
NM_003145,2.848363842216302,2.78786493550508,2.7507700520547487,0.9657368947340604
NM_001048174,1.052522838724579,1.0139877421079901,0.867168819095833,0.8238954891911386
NM_152222,1.0360595668189412,0.9991041019869291,0.6860102521744208,0.6621339874122373
NM_003731,2.045006241222214,2.0156425208490325,1.7565445723293964,0.8589433796933469
NM_001035505,1.9105310802342665,1.854191542569668,1.7176635705873373,0.8990503155681299
NM_001136203,1.986762905303353,1.9624591970575218,1.649708633536793,0.8303500277426932
NM_001324278,0.8431237891589214,0.8089817223571147,0.7158700437492019,0.8490687286422501
NM_004418,1.2055770587482397,0.9160069323362475,0.4358133734271498,0.36149773277840763
NM_001281484,1.9621316456573914,1.9356409233082064,1.7381619082966,0.885853868237392
NM_194324,1.1049648201801527,0.9960262360112923,0.7837587668420352,0.7093065340435468
NM_006993,1.5928762274927908,1.5252901259227936,1.3799779111236337,0.8663434655533393
NM_001281501,2.0241336710776916,1.801769140955615,1.6418845062212541,0.8111541889163278
NM_005270,1.1739333637294354,1.085865784698991,0.8942887910802958,0.7617883763344585
NM_012291,1.1801511693523132,1.1351509204073356,0.6909344417725161,0.5854626591199434
NM_001080433,1.3886014373110296,1.094494246514615,0.7290952011804505,0.5250572133875316
NM_178014,3.3364042163158536,3.3101693903041953,3.123306090486211,0.9361294039890192
NM_016139,2.378616923801666,2.344873061821597,2.19985724525658,0.9248472182484181
NM_024571,1.6932073465254436,1.6188722234410935,1.5288495300157499,0.9029310752478336
NM_001127190,1.6404091682781894,1.610596843638767,1.4511576557892283,0.8846315198984143
NM_022809,1.186149547005362,1.1459899065839825,0.6672424499153208,0.562528099091627
NM_032015,1.8082477998150774,1.7736724508080572,1.6052849222599224,0.8877571549784762
NM_023936,2.064062069263602,2.006694938277544,1.8067212541127786,0.8753231218271285
NM_014003,1.666135416800133,1.6326574237560147,1.570565064352072,0.9426395048779367
NM_004111,1.8655228722349328,1.8205517725431613,1.4275041864949487,0.7652032616382617
NM_001005413,1.9746259024165345,1.9539408114250483,1.5127293645029882,0.7660840276893561
NM_002106,2.7785629047890406,2.735989877370647,2.4316574602311407,0.8751493284676101
NM_024316,1.3253925970477198,1.3002376961831708,1.1372367271687345,0.8580376333034468
NM_006221,1.983492084677463,1.9324263539844928,1.6899596928976777,0.852012320065539
NM_018663,1.5266452873067866,1.4339880354707253,1.3507439273301145,0.8847791550275661
NM_001144995,1.2017369426221705,1.130060054596157,0.7970104889560499,0.6632154348330059
NM_001012300,1.8676392284660874,1.836958808468922,1.7603944620709988,0.9425773646427582
NM_016820,1.3780385531053605,1.3403474715426416,1.212585629272356,0.8799359252611894
NM_002295,2.5545717794561607,2.4752660891575995,2.384710128795857,0.933506800620625
NM_014501,1.456699876170051,1.414347784927134,0.71830230796289,0.4931024706691452
NM_007280,1.1752192805019022,1.1485239157514735,0.7104436739991596,0.6045200974712989
NR_037894,0.5205788314718516,0.4601478757755654,0.2961812414258765,0.5689459953422855
NM_015971,1.8873037668181134,1.8418751306462924,1.779711471965987,0.942991532818524
NM_001330484,1.800589064769786,1.7473725505649884,1.6943494144817177,0.9409972811860592
NM_006191,2.052971106877607,2.0246353816027343,1.8471564806296548,0.8997479187318039
NM_005371,1.4522984661895428,1.3921796838774936,1.3352236855029511,0.9193865562677582
NM_001164356,1.7021715733436058,1.668800662451648,1.5409035562595275,0.9052574842574203
NM_138813,0.5565146320668436,0.4938619000862471,0.35969557973635297,0.6463362488789864
NM_002134,1.808860455418828,1.7720220177497952,1.6905145641834753,0.9345743388436504
NR_027032,1.6552166625495768,1.6295220475359284,1.400424683620136,0.8460672945758185
NM_005146,1.6306263598711381,1.6033829511718958,1.4472202684954087,0.8875241466167496
NM_000234,1.457177679684582,1.4236176819556505,1.0594146209744273,0.7270318752094435
NM_001146158,1.8280984811921919,1.7551793053170597,1.6855026926143428,0.9219977533787702
NM_022166,1.7907189234736556,1.717532752200139,1.501583245383811,0.8385365373092857
NM_001167990,1.805584715043142,1.7482121220567621,1.667758797122813,0.923666878229507
NR_037673,2.4867394151952573,2.437460636206433,2.284181184770029,0.918544649597182
NM_004638,2.012804237762123,1.9865435342204842,1.8422212304861318,0.9152510690927158
NM_001256566,0.9094175712930243,0.27250402743959357,0.09146757798853015,0.10057819518318753
NM_025108,1.0218719185567946,0.9924324583267848,0.5417926929572585,0.5301962830355889
NM_006339,1.9672244187571217,1.9567366983910328,1.734225316399893,0.8815594702182297
NM_005343,1.9640816971924122,1.9131913556987865,1.6953977208465554,0.8632012218585757
NM_001256662,1.6471919317223052,1.5384669383785652,1.5040743910962298,0.9131142292104165
NM_138615,1.6456451758696427,1.6026016095149629,1.4961420250949886,0.9091522565332779
NR_106825,0.9131729204893153,0.8380606276321376,0.37766272710426485,0.41357197375267957
NM_006600,2.0054908110460543,1.9625443676667278,1.8344178347316455,0.9146977012449247
NM_003299,3.184497650647454,3.131441891230598,3.055469998824261,0.9594825727703207
NM_030928,1.1550030773403765,1.1376350089407854,0.6027048435424275,0.5218209850403818
NM_207411,0.1541029698052553,0.05293675621092623,0.024019567368412577,0.15586699853200003
NR_030362,1.1873133405149938,1.0730612259899417,0.5879416377181014,0.4951865844134147
NM_139034,1.4902281195044889,1.47805026642652,1.3365868187814576,0.8969008175915255
NM_001083961,1.1392951096033088,1.136114019708138,0.6156985550343234,0.5404206073075337
NM_007056,1.338654458749401,1.3050827979810635,1.1882041307783031,0.8876107818655072
NM_002653,0.40292237832603617,0.05623447956994053,0.017575636181603387,0.04362040215939944
NM_007065,2.4993564945917908,2.4680678937988376,2.3332072831709927,0.9335232041606235
NM_032478,1.6572207527912564,1.6198306543299157,1.4620600245360222,0.8822361306262156
NR_106786,2.676509137685392,2.6298302264851383,2.3183083025374542,0.8661686485189045
NM_001130029,0.8908839737147382,0.8378567491654734,0.6600008207349566,0.7408381340422332
NM_001134877,1.1520225149241534,1.1222059114632383,0.554624826306281,0.48143575244516484
NM_001071,2.2593390184704334,2.2106456618233636,1.8810190024901023,0.8325527896046107
NR_003573,3.374298003132091,3.347492300561804,3.196028849888912,0.9471685212516184
NM_001301834,2.3492381008794587,2.3065725152467396,2.0756684313502523,0.8835496200122103
NM_018455,1.4982824373829566,1.4749663164182794,1.1591558381698408,0.773656427685646
NR_073072,1.6124371767806374,1.578207659438879,1.3475614013263082,0.8357295532076634
NM_032712,1.7604743313279108,1.7282267639461582,1.3684864123424827,0.7773395998964922
NM_181471,1.7172759690742707,1.6672360145711087,1.4065747526548638,0.8190732171097135
NM_001318712,1.6731632588324532,1.6277435041004806,1.3741287734231495,0.8212759670458145
NM_001170543,1.3390519439627036,1.308852450259933,1.1553641329975206,0.8628224903497103
NR_106798,1.5570289061672768,1.5335611913167861,1.32265195738774,0.8494716778531297
NM_018451,1.1516577106119925,1.112913884374749,0.8745604774503333,0.7593927165959672
NM_022156,1.7108744596269336,1.6859071259529765,1.480193738311653,0.8651679437861374
NM_002875,1.356384238349365,1.3101784386245,0.9866716187037695,0.7274278119778856
NM_001099285,2.6880034355777225,2.6897511621070063,2.388035286649457,0.8884048491315285
NM_001997,2.7951832894253563,2.76050322566756,2.582731503365609,0.9239936118452454
NM_001258451,1.432666518593314,1.4445585799759126,0.7574121470060262,0.5286730283539418
NM_001035267,1.4726842418722774,1.4009849689404839,1.3106837503558744,0.8899964521176339
NM_001161580,1.479513618894222,1.4486325831536244,1.0594679849419435,0.7160920801349449
NM_001243157,1.2392495476005634,1.1946060382438632,1.0492985266332817,0.8467209277299595
NM_015148,0.6738785447028383,0.6413563789052801,0.37577776102343957,0.5576342561687391
NM_001136202,1.8824866371773994,1.850660626508936,1.6583969293288678,0.8809607975839172
NM_207368,2.1261723446701337,2.1061676151286246,1.8073843585336815,0.8500648421396382
NM_001282312,1.6079946206565663,1.5793878426280934,1.4011097638469623,0.8713398327631655
NM_004373,2.4110686632408056,2.3596856723473425,2.262292513424104,0.9382945197351924
NM_001190819,1.0069879787879186,0.9493974763299227,0.6229355578982257,0.618612705434711
NM_001897,1.8484987413915488,1.8005534648271602,1.4080721932458757,0.7617382482964958
NM_198437,1.8925536541043202,1.8741988012156239,1.3911375244928836,0.7350584336015883
NM_004336,1.661931778673431,1.649998682343514,1.1354542070686502,0.6832134878454398
NM_005916,2.0596220952902513,2.0102422221545666,1.722817410653576,0.8364725813503127
NM_001284378,2.0464535699737443,1.9970637075216708,1.8611961192850457,0.9094739048044587
NM_001323538,1.35959626677518,1.3483237485282176,0.8706464570257537,0.6403713207383512
NM_018101,1.7540443872014555,1.7514778316223325,1.202348984885735,0.685472382374576
NM_001002,3.0440813615501625,3.0282897348887072,2.964111854720393,0.9737295107023533
NR_109991,1.7429331490687705,1.6832222413067468,1.4055549741469804,0.8064308002277383
NM_014173,2.0569230057540744,2.0300669490101795,1.961983299256983,0.953843820973607
NM_018140,0.6586440217564691,0.6213683167969163,0.38444378966616327,0.5836897883638725
NM_001199697,2.059944152417827,2.04168175761161,1.9702309039360357,0.956448698681228
NM_031420,1.7749252117225258,1.7169705352716842,1.6776295759968372,0.9451832476753962
NM_001084,2.2706456026428468,2.2396946830351303,2.1141335959394323,0.9310715831122007
NM_001126130,1.138438960011954,1.1035697182414512,0.823383411210887,0.7232565294517338
NM_001270411,1.3288063873212654,1.2487935290247554,0.7766586677932715,0.5844784275600406
NM_015190,1.6632408632368052,1.6131694638286784,1.3089638220766582,0.7869959492994332
NM_001127230,2.220690571183898,2.167294548482696,1.898683626114251,0.8549969323740687
NM_006101,1.6804643686798377,1.678505959426047,1.1420704083385333,0.6796159618878065
NM_001130851,1.9041111860534359,1.8464175904056994,1.4497317648335015,0.7613692810860978
NM_020218,1.7874705004787674,1.7598132030437825,1.7222353774897434,0.9635042240017102
NM_001317031,1.3905862490617824,1.365570607928737,0.8500017614484673,0.61125425483098
NM_004924,2.8192904225178106,2.7509786026354814,2.572373476622429,0.9124187618546695
NM_004436,1.963720162559093,1.9353673513140008,1.8766015715618865,0.9556359441338755
NM_001143991,1.2940256021723617,1.248115800585208,1.0245429752430384,0.7917486126418782
NM_031231,1.2590889562257834,1.2192908421935762,1.0158749799375042,0.8068333654380292
NM_181313,1.3218655143399787,1.2871831305644785,1.2027491621052122,0.9098876920968451
NM_001142548,1.1160931216364454,1.0704442162141008,0.6750906560962474,0.6048694710226433
NM_001145784,1.3542265719498467,1.3246470047201984,1.188783871868971,0.8778323335934344
NR_103728,1.1076741168948072,1.098259997468244,0.8786586005704776,0.7932464857386583
NM_012394,2.108827437160235,2.0500750185768117,1.9617306192758577,0.9302471054329324
NM_025267,1.5635308584936412,1.4945230468163804,1.4674147518840837,0.938526249042402
NM_004260,1.2068822461590059,1.2131052086142489,0.6907369424648788,0.5723316791370504
NM_178229,1.607232864145294,1.5608464176481205,1.0464003398089505,0.651057082736678
NM_015341,1.1952086732393805,1.1651753272055514,0.7079841970859623,0.5923519573926023
NM_153340,0.7348346395573279,0.6648840312727913,0.582198198818042,0.792284641302109
NM_001204399,1.5412316113349998,1.3662716055594994,1.177735531844527,0.7641522034604417
NM_020188,1.978821359347862,1.9136328125960818,1.7607456297726378,0.8897951406552974
NR_106865,1.4555470989178159,1.3866356161323738,1.072252101512881,0.7366660290897418
NR_046366,2.026460769169648,1.969063083347861,1.7072933911131407,0.8425000952832224
NR_110128,1.0550080836693143,1.027969681093153,0.8910291248154196,0.8445708981834751
NM_021138,1.2458806447141484,1.2161943277788758,0.997457462337139,0.8006043488748419
NM_004857,0.20853888777151514,0.14244003250464926,0.09009856682290307,0.43204683685480877
NM_001172665,1.2091603410236325,1.1899175007149723,0.9749726812614378,0.8063220800279145
NR_072983,1.3750637692499288,1.3234760637802103,1.206279064811273,0.8772531803883359
NR_106961,2.004428239622976,1.9486387465019117,1.2019367489719848,0.5996406981364739
NM_007046,2.3405405990329315,2.339932796988289,2.037888359261315,0.8706913095646933
NM_005796,1.9721145897225676,1.9436397629977775,1.8673006595813406,0.9468520081503115
NM_001319055,1.6112637334006823,1.539899102694676,1.4373184568380897,0.8920441930412787
NM_006824,2.1470944742845335,2.100322799507572,2.005394251907289,0.9340037319855418
NM_005340,2.766860791997253,2.6987951187128543,2.6216559782369324,0.9475200146750048
NM_006328,1.3314251357661904,1.3035345034190096,1.1326264056896893,0.8506872637926435
NM_001143994,1.1728734633760856,0.9641385759301025,0.6870307939404524,0.585767190914911
NM_001017,3.030912269186863,3.0037583496212474,2.9036804627693953,0.9580219435214463
NM_005189,0.26310630937758833,0.15425170258270707,0.0819359175520198,0.31141753212171047
NM_021937,1.2974286035498281,1.2776264281244232,1.1303213255582063,0.871201176284839
NM_001042425,0.9732203607308427,0.6787273603566913,0.4566431850169645,0.46920841717085215
NM_001267548,1.5890323579334853,1.5658296995907424,1.3968652693771193,0.8790665982370072
NM_153613,1.618328822939953,1.511605345059907,1.4141328118803391,0.8738229164770981
NM_001199803,1.5502268750300365,1.5068087904942262,1.2230291295186984,0.7889355740236419
NM_001278698,1.7529764646646375,1.7117286212186948,1.6524480340063057,0.9426527208523795
NM_020650,2.6838685542319305,2.658345365313878,2.4261045526614446,0.9039580380477118
NM_012458,1.790119472339404,1.7624202039034222,1.5033767196999255,0.8398192092370511
NM_002496,2.134110802707531,2.0963935381118226,1.8118952237902115,0.849016471633747
NM_016155,1.1976421597325888,1.1368906047839211,0.809390874931504,0.6758202926926236
NM_002497,1.4877016257492781,1.4846514781372866,0.9368958639124322,0.6297605969480381
NM_021953,2.0128809828021645,1.9870231677922365,1.6105979709602478,0.8001456542741578
NM_013299,1.329872790732064,1.3077870565112584,0.9272502750057496,0.6972473468648982
NM_002528,1.3529949673394923,1.2964090533262855,1.0615786674647085,0.7846139069919675
NM_019052,1.3002446570660247,1.272929821393518,1.0744991463855378,0.8263822816316146
NM_001318769,1.9360816765272877,1.8652295135582604,1.8176231524009665,0.9388153270791768
NM_014865,1.9021606646521583,1.8439534375196607,1.6042687345660798,0.8433928660066404
NR_133926,1.319434999100093,1.2614258169389576,1.1848591544789522,0.8980049455161285
NM_002167,2.849115738095771,2.763347116833425,2.4100394965645817,0.8458903456745323
NM_001271909,0.9667306159306656,0.9571442821868712,0.7315868043454475,0.7567638722615125
NM_006927,1.4094138083778727,1.3888107485612267,1.2833460799415273,0.9105530769693255
NR_026545,1.2144483197937437,1.1495029619004002,1.06880506120877,0.8800745521969111
NM_019088,1.8540122651389048,1.8181240948747865,1.7446123686615602,0.9409928949584655
NM_001289823,2.025570323709271,1.9927739212481423,1.759846191142947,0.8688151532158489
NM_002659,2.1310386173241787,2.075025775128241,1.8449605280670267,0.8657564968877178
NR_036623,1.0566562395487173,1.041981272283505,0.7117025714439247,0.6735422030421953
NM_004954,1.223740106170833,1.1939859050679063,1.1192020984567164,0.9145749925274385
NM_018518,1.0658994106059778,1.0280451119258165,0.6466099434013204,0.6066331747324207
NR_106963,1.8010476016625105,1.7891378550479928,1.3271467685052172,0.7368748984092119
NM_001308393,2.435801636953412,2.3890463265629625,2.3692767435779305,0.9726887065160661
NM_052844,1.8139149916457682,1.7969754998107705,1.5156689354586472,0.8355788129208184
NM_152383,1.0786679937665398,1.0309375440924162,0.975630833992028,0.9044774106861907
NM_001214907,0.8571979697759256,0.7972132109481789,0.7288449173579031,0.8502643998893578
NM_001077261,1.7328640099632249,1.7241616342312844,1.4149155539460687,0.8165185183666526
NM_015698,1.5952112466074362,1.5391177545050334,1.489660103817131,0.9338324983510601
NM_003173,1.1871816794417422,1.1706852006721185,0.8226946576922638,0.6929812613677849
NM_001272049,1.694332335984371,1.6671344623318922,1.5332141965424775,0.9049075933805588
NM_001318092,1.877908754767196,1.7897922829669237,1.7382158478863576,0.9256125163023929
NM_001999,2.0291932323872355,1.411489911703874,1.1035310026824174,0.5438274606229458
NR_106862,1.446707509686099,1.3997083721637011,0.7406448657576269,0.5119520433804405
NM_001321439,1.902807948658006,1.897782968235793,1.6975397081339847,0.8921235111148285
NM_018304,1.5837763618927396,1.6077013733192365,1.1110874730833655,0.7015431596387302
NM_001014834,1.5012566495908168,1.5031416766465748,1.1622959959446526,0.7742153856647019
NM_138783,0.682174761050972,0.6566859658100865,0.45284952618348673,0.6638321322322417
NM_001318836,1.4953536982775248,1.4627227836353627,1.3490473540842898,0.9021593724870824
NM_024954,1.4526360948710262,1.4176361496146332,1.1876466940295922,0.817580327394411
NM_001267810,2.4667904384997237,2.3975026616735824,2.3570988062953093,0.955532650649024
NM_001244752,0.17083724666957192,0.08809612722643123,0.04787667595029914,0.2802472931614305
NM_001162371,1.4544842538122205,1.2384635196373237,1.1091499835760177,0.7625726993392485
NM_181842,0.9079963995911304,0.85397077918785,0.7148251048566546,0.7872554397556416
NM_017814,1.2850985165238005,1.2469881959067577,1.045992970719821,0.8139399098749553
NM_005483,1.4502028174885389,1.4366039660445444,1.0637951605649019,0.7335492303119244
NM_000988,3.2915686272017863,3.253750626074195,3.2180249797788725,0.9776569606311278
NM_020204,1.4386463275218906,0.7473150842303524,0.5787004098597288,0.4022534230887426
NR_144444,1.1369310722584902,1.0895462473560178,0.933271377659776,0.8208689167108887
NM_198317,1.1765339756926902,1.2114056644016407,0.8126004179661936,0.690673142259042
NM_014291,1.1919868359383163,1.0856755242479488,0.9547006004888187,0.8009321677930201
NM_001142762,1.8489878046037287,1.8040959388404523,1.4699769863400491,0.7950171346073813
NM_001493,2.246102346156234,2.181344082564948,2.127491958389943,0.9471927946786265
NM_020131,1.2194585645769702,1.1971079107713616,1.0911004813242413,0.8947417427854498
NM_017914,1.7169969766061712,1.7055680099563104,1.2811902018406383,0.7461808141171269
NM_001128826,1.8230884724003598,1.7500769776847136,1.6400766996150742,0.8996144314684168
NM_001040694,1.4690870129543205,1.4949059645968246,1.031396139961737,0.702066066112455
NM_006427,2.0291533350348585,1.9971950501906537,1.5396848369655785,0.7587819069075569
NM_006230,2.1269117709461263,2.118922683692295,1.9222507556052955,0.9037755029914615
NR_028476,2.0657776444425666,2.0426634714616085,1.8883667955776515,0.9141190973083708
NM_001321133,1.729926909904028,1.7011978318837317,1.658436978429248,0.9586745942470217
NM_001258208,1.5741394976046057,1.5361479705491785,1.42847556057233,0.9074644037241077
NM_001282351,1.1439187099107,1.1142289589787286,0.9405327545016694,0.822202440044968
NM_022734,1.6219713210495772,1.5738670169644173,1.5180931967503437,0.9359556343869175
NM_001256014,1.6051103337676824,1.5632854571207906,1.197042055668747,0.7457693284292334
NM_004860,1.7307522464455158,1.6733810456796727,1.6132727740403106,0.9321223054042105
NM_001193572,2.8368081525760873,2.6475664216854744,2.4940215499950007,0.8791646864558661
NM_152362,0.9189996966304276,0.8503841132443635,0.5984798183156359,0.651229614666905
NM_004237,1.6868995837023537,1.6841262763918683,1.2250964000119196,0.7262414502012721
NM_005273,2.493328000132906,2.461590147730892,2.2743648955228735,0.9121803851726042
NM_030919,1.6291960826658822,1.6214222385051473,1.0913897494058713,0.6698946560318332
NM_001145255,0.9344375573037246,0.8775069869412685,0.7322855813968753,0.7836645430967595
NM_003910,2.1554209008237106,2.1035036300398735,2.0839201916266323,0.9668274956553712
NM_015603,1.419777982801292,1.3827676767525134,1.2464191160363367,0.8778972002207629
NR_015454,0.6656982327957798,0.599695503479923,0.49592066121869977,0.7449631631677116
NR_003129,1.8061174861425098,1.7572650032878134,1.6926724340769004,0.9371884426478233
NM_001289059,0.20147654386885103,0.061802568127763365,0.03603207726771165,0.17884006036537106
NM_146387,1.7358215363953917,1.6873828704970883,1.487364747172845,0.8568650152028346
NM_001320004,2.040659785216584,2.0411008092209713,1.6404456499824227,0.803880030305157
NM_001319113,1.9128244907865446,1.8709474512837114,1.6745430056623125,0.875429509465214
NM_014681,0.9626619946364757,0.9374106931202075,0.7787315122809257,0.8089355522703412
NM_000687,2.0506146003023753,2.0295531066048578,1.9396010568499549,0.945863282434422
NM_003249,1.6456355696771758,1.606510321762869,1.3416422026982369,0.8152729725946716
NM_001329417,1.9610943337634044,1.9402097504002593,1.7948963429893603,0.9152524241630413
NM_001242821,1.9056903310797946,1.8610801884211012,1.6878786678147437,0.8857045870922611
NM_017871,1.810616380901401,1.7914145626136433,1.6429898868201571,0.9074202046057971
NM_001305275,1.4285383732287864,1.3773465293015419,1.1021642895614703,0.7715328549910462
NM_001102,2.800993182853714,2.7136484638848146,2.613947587780149,0.9332216885715521
NM_001304274,1.0507273086070312,0.9693721747880589,0.8417667900765123,0.8011277361701565
NM_001006,2.1442601036251587,2.119170794152702,1.7664003937835753,0.8237808420709964
NM_001085365,1.6709622399894317,1.6648473015705032,1.1587691892556748,0.6934741920098707
NM_032799,1.7256239587776876,1.7276524843228713,1.370396381671131,0.7941454305269526
NM_000135,1.0836483423008907,1.0683117484516467,0.6672925436934867,0.6157832920932972
NM_001321792,1.4918658463594912,1.4247024362291962,1.2489942217620456,0.8372027718242158
NR_002327,0.7736750252175344,0.7071748028650728,0.29502890308073343,0.38133440199621293
NM_001251874,0.8137957880393202,0.706035573806636,0.6176877396476596,0.7590205660020136
NM_013245,2.0505058916756806,2.0131793667839544,1.9630965857639335,0.957371833815939
NM_001303524,2.906507519504068,2.880136111092219,2.654732097755155,0.9133752725360667
NM_138820,2.087410452833627,2.084231576954521,1.9764177545883161,0.9468275642221491
NM_080668,1.697709780034123,1.6676330047075998,1.1915535133222286,0.7018593680353771
NM_001130997,1.5650097431021963,1.5223013808751957,1.4030607627015075,0.8965188676208047
NM_001267615,0.8955132295525097,0.8547307029973442,0.6722220229175957,0.7506556025459353
NM_001992,1.6303286091284832,1.366463432979982,0.9491694030454859,0.5821951462612673
NM_001303470,1.285478973333794,1.2362171422371286,1.1170931138211637,0.86900924635435
NM_005952,1.800161335798702,1.5849160372032283,1.269865012171149,0.7054173350566552
NM_001018,2.74628855590525,2.7150933480302983,2.4826261840228687,0.9039932015463426
NM_002626,2.2488914651669165,2.253593840980003,1.9976880828075878,0.8882990192055872
NM_001291880,0.5913672253352636,0.36236466471331535,0.3168575933130154,0.5358051304472943
NR_106877,2.2671998338969015,2.1833688086899974,1.8344659118332098,0.8091328714858358
NM_001128629,0.526166734908358,0.4928082912521172,0.24926755377149917,0.4737425177874726
NM_017491,2.829013617257257,2.742263746785683,2.662316242123643,0.9410757961302328
NM_020196,1.5095171119673354,1.4824921467786791,1.3092251690138215,0.8673138970299741
NR_120642,1.205077793352406,0.6144763008459301,0.3191152136433385,0.26480880769995097
NM_001284301,2.2089414992483616,2.2273753803668757,1.6743612967594939,0.7579925938868142
NM_005105,1.442310396332752,1.4125147705555783,1.3586643916817824,0.9420055455027923
NM_001321060,1.318425928031876,1.2847289988654966,1.0403038291692275,0.7890498867252828
NM_001271849,1.747098779783793,1.7201997428812186,1.5375393004801643,0.8800528729522883
NM_021971,1.6841829988610733,1.6391594663364228,1.4371258346371358,0.8533074111358389
NM_014389,1.3588214624280008,1.325975918341763,1.2162208462284485,0.8950556639392879
NM_031217,1.3384685652995192,1.3615836497949052,0.9531411325706723,0.7121131995784905
NM_001330490,1.2354358057682757,1.2185241329044159,0.7776796326844603,0.6294779777738817
NM_018074,1.341723954445366,1.3093437239086945,1.1843217719215964,0.8826866122481687
NM_003370,2.161807119877745,2.0690286076322426,1.945588093910055,0.8999822768740267
NM_001188,1.272973652479577,1.227352552905893,1.113134886432078,0.8744367051618428
NM_148176,1.5688359500656435,1.5475473405885134,1.481816242415776,0.9445323090370115
NM_001015054,2.043910247293753,2.0232349889818924,1.7582693413721626,0.8602478233573151
NM_017760,1.7710177944382866,1.7621943882691387,1.398971545667625,0.789925177522757
NM_001040126,1.2510599883231086,1.2158076369426094,1.0939474079508216,0.8744164293969012
NM_006758,2.2580576466067273,2.212194673502591,2.132156953407358,0.9442438091035608
NM_001320646,2.2454216121989807,2.1995662483961307,2.1195467390708367,0.9439415420051682
NM_001325,1.4236343433456524,1.3712436455756527,1.2876542062521297,0.9044838039141717
NM_001261434,1.6670785985085,1.6034901246578754,1.5796174657625823,0.9475362872367462
NM_001001891,0.2782299846335124,0.24800601768702366,0.15097336199953784,0.5426207466402359
NM_001304723,1.8922544178929201,1.8391566277498417,1.713726154999626,0.9056531398710695
NM_001142499,1.6430437341116035,1.6133621697506586,1.4060979165518523,0.8557884902023815
NM_001199252,0.957372512700408,0.9602610361051764,0.537417142586483,0.5613459081571289
NM_001846,2.5396964594052855,2.290454016739506,1.9918332506462797,0.784280043888671
NR_037428,1.5512710110579682,1.5286468359785708,1.0615072273287496,0.6842822561383396
NM_024407,1.82012035351546,1.8074243773070895,1.314278791694538,0.7220834540727389
NM_001282648,1.6293292569686275,1.597494149633468,1.5662977148886934,0.961314423214124
NR_015449,1.3402713989796897,1.2818046434312762,1.2361098792840877,0.9222832630951483
NM_020815,0.672508840215989,0.12893858328112048,0.12629972933823302,0.18780382024074133
NM_004552,2.6240642026569256,2.552405394347283,2.493572636332197,0.9502711990839999
NM_006088,2.9540697948232166,2.9391361905087896,2.6400023107490775,0.8936831199369363
NM_024313,1.1615527318671977,1.143796627488683,1.0074480382921642,0.867328714963022
NM_004481,2.207689248785948,2.1719303255525184,2.1001737982808195,0.9512995542446685
NM_031215,0.8750641313774505,0.8206370950440671,0.708835399711053,0.8100382295355489
NM_014212,0.5709518620022117,0.0,0.0037943838862146578,0.0066457159328783474
NM_052854,2.104348239210392,2.0961183133020787,1.974199246946591,0.9381523505289048
NM_006026,1.8815792894210357,1.8197396833730168,1.487600914198908,0.7906129295548553
NM_015653,0.5852611191602862,0.5149759949179038,0.25600291776198697,0.437416581045554
NM_012162,1.2142410544229723,1.174286256319201,0.947815235421406,0.7805824321035033
NM_033415,1.5416723407951913,1.5264909604246468,1.2949749988815051,0.839980691496067
NM_003491,2.115840886168598,2.0564367626508844,1.9368121483864376,0.9153864834768607
NR_039872,1.6139525058280648,1.553761420177787,1.1228866194115892,0.6957370897574671
NM_000986,2.82368257554853,2.7922299445545473,2.7245969971609547,0.964909094511685
NR_106896,1.7445617814383685,1.7109389964299628,1.25810344434109,0.7211572887397545
NR_037675,1.4000589642210974,1.3571102751691475,1.1259423702402924,0.8042106789885769
NR_002190,1.339625976710708,1.3004410190418683,1.2147100271804203,0.9067531148977838
NM_178841,1.0834752790328088,1.0185275559792026,0.8597589371595252,0.7935196619594408
NM_001128855,0.9995098010678206,0.9520596696635774,0.7847265648290496,0.7851114256115261
NM_001665,1.9821084779504912,1.960949666304038,1.862704879334028,0.9397593018017223
NM_002811,2.2242598676862273,2.1866846705403904,2.147828360394667,0.9656373302409724
NM_017409,1.1694040334957811,0.1888901176431223,0.12190756547924665,0.10424760133144047
NM_001789,0.9874132016487319,0.9418694197475914,0.656691527176078,0.6650625351975933
NR_134896,1.9972501538525729,1.9359778563546668,1.9120577873579765,0.9573451696422376
NM_004629,1.4006640116105662,1.3744744875396147,1.0839377728628699,0.7738742224243301
NM_013974,2.0705981892311995,1.9972126988167331,1.8682553323016953,0.9022780672842021
NM_016069,1.554843809181065,1.462477325259048,1.2712536669994556,0.8176085980424129
NR_136554,1.762482426980657,1.6631725765595264,1.507852369138161,0.8555276047326567
NM_001145662,1.5544274488076082,1.4557881798067933,1.098642717454793,0.7067828854267564
NM_001152,2.4308898195412803,2.3945015910491283,2.2274734330530803,0.9163201948303089
NM_058167,1.6317955691474784,1.5924946070043726,1.4763361986469619,0.9047310990176697
NM_001258040,2.048930694233989,1.9953529337768479,1.9613995836582971,0.9572796137897597
NM_030932,1.6466907050892414,1.6204213615181253,1.3109832521101752,0.7961320532498708
NM_002388,1.9104705441698797,1.8699205150965863,1.6248698377846207,0.8505076630169371
NM_002415,2.9071056015235497,2.8941300279194118,2.468964705897438,0.8492862125832333
NM_001346078,1.65845436855519,1.6317384680585152,1.3250012448014854,0.7989374142116422
NM_003486,1.9525425154067497,1.7871507966562983,1.4351322453643511,0.7350069122901466
NM_001329090,1.5228464191083226,1.4031031619244811,1.1850904918862297,0.7782074915868008
NM_001077511,1.869438777353246,1.8819387688805727,1.4233903328465962,0.761399811585076
NM_001166425,2.784484393249115,2.760233500277035,2.678923435194336,0.9620895853068137
NM_016492,1.6253231521887044,1.5760340077111987,1.5293483668400827,0.9409503364180967
NM_001128854,1.8887169379977673,1.8654912626385982,1.7321366267784695,0.9170969942244025
NR_002940,0.2356490760500713,0.12466277264132834,0.10511744068457807,0.4460761843269118
NM_001083314,1.9996138095910883,1.9872169637177437,1.8504748845715266,0.9254161357036937
NM_012203,2.1795154653295126,2.132291485916809,2.0902094222978147,0.9590248179229157
NM_001194998,0.921902297082183,0.8875786252336371,0.6545245192678463,0.7099716763255864
NM_145638,1.5527855366238694,1.525708100773465,1.3289304322192528,0.8558364312876512
NM_018959,1.94824935418175,1.9272351771586116,1.7683365648779998,0.9076541260400868
NM_032144,0.4561150441853345,0.3869494380143368,0.20759792840900118,0.45514378676062117
NM_001136044,1.5692258256537652,1.5482170790338265,1.1706921896155749,0.746031686757287
NM_001128848,1.7017389469869577,1.6846959011892166,1.5071786677985053,0.8856697265271302
NM_005101,1.7290442032782813,1.611910350737133,1.317571656841292,0.7620231190984973
NM_005481,1.5216357604140502,1.5075280664381847,1.2304551832980228,0.8086397647247757
NM_001945,1.0546017769553298,0.8992811251208017,0.6936153893345326,0.6577036038541706
NM_015192,0.6824963446808806,0.5715006320787029,0.38886829055336675,0.5697734406697702
NR_039895,0.971802501796972,0.9485802288589515,0.47831100484197997,0.49218951788818116
NR_045637,0.7257111380585372,0.6578040727744615,0.521155321584794,0.7181305263951409
NM_001134693,2.9842024497953274,2.949446664005694,2.9070785514847124,0.9741559429669711
NM_015456,1.8108676004053572,1.7973312970622928,1.6034988750806052,0.8854865340357665
NR_106958,1.1318011958132022,1.0491695680253994,0.5867545934267098,0.5184254934499561
NM_021805,1.1815487943318015,1.133519136625302,0.8538878779720261,0.7226852433588435
NM_022369,0.5021172624017194,0.28035009701465874,0.14627277879010572,0.29131198973414313
NM_198977,1.6844606342164463,1.6672270273030256,1.4666929758895721,0.8707196512026698
NM_001039467,1.2550536227549343,1.228575942960554,1.0196626494154801,0.8124454851397076
NM_052850,2.171568722437307,2.132768979904224,1.8855825198251939,0.8683043278081799
NM_001018115,1.03981418995583,1.0181234847788105,0.6544395015341583,0.62938119892551
NR_024540,0.32389147975725735,0.31527673065700546,0.1471422688061881,0.45429496606846487
NM_052837,2.038426564680727,1.9754580771150207,1.9231585928490742,0.9434524775977363
NM_017617,0.9101889459586705,0.8724425192537275,0.6331046078957481,0.6955749250820893
NM_004965,2.177210086203901,2.13687686835811,2.037375393432531,0.9357734498579416
NR_104318,1.6994848125078528,1.6906847788313435,1.2771242915759238,0.7514773195832973
NM_032515,1.7836032843698937,1.71737590588849,1.5440928610934292,0.8657154170014449
NM_032346,0.8997394560992099,0.8278395886942239,0.7453178292900307,0.8283707291456696
NM_012247,1.5448432600847435,1.4930201581478544,1.4035927970302902,0.9085664761571314
NM_001042371,1.34622298565224,1.3170873181857565,1.1101163229837436,0.8246154870442183
NM_152832,1.9405951147525686,1.8815313520064005,1.7130391655859862,0.8827390899643709
NM_145805,0.23387872017329067,0.03681757586394118,0.022151307432034528,0.09471279565589244
NM_001286625,1.9079470514504169,1.8761550444514001,1.7553003886906098,0.9199942877640312
NM_002266,2.423405547015842,2.4089067997332743,2.020737718418969,0.833842161047822
NM_207346,0.9611523502611254,0.8853490221550813,0.8003071791600449,0.8326538232389671
NM_002305,3.938473404272696,3.9147202820785703,3.7824408587066416,0.9603824808371739
NM_001305142,1.7300235858530226,1.7062052619360706,1.5700975790756029,0.9075584818119314
NM_145230,0.9879321021389262,0.8499095649501105,0.6960936365433726,0.7045966367894032
NM_153464,2.0907489433603668,2.045147319642766,1.94532496392818,0.9304440736923424
NM_014047,2.252222182962041,2.219160868102727,2.1399455930388553,0.9501485285188322
NM_182553,0.33395276900697946,0.2501433209694894,0.14311104616680234,0.4285367855830277
NM_000641,1.4535194287436037,1.1795522023121239,0.9401481402483407,0.6468081001579649
NM_001083538,0.0638286181134647,0.040643520528679526,0.01363585293537591,0.21363227559049122
NM_024745,1.8302440691967483,1.8413028823552793,1.3148812226668478,0.718418513025926
NM_005886,1.1973429690149275,1.1749550159853983,1.0045809360016318,0.8390085063330818
NM_001130172,0.16430536149664152,0.06870815161128659,0.03815272449736843,0.23220620526219585
NM_024591,1.6583479707822149,1.617225445857482,1.4298110996271316,0.862190037807755
NR_102428,2.376995697705781,2.328538517493199,2.246330420393234,0.9450292327248795
NM_001048199,1.725536073468492,1.67591534752677,1.5789325311393376,0.9150388423729287
NM_031280,2.062023641593528,2.013677001433858,1.9771344921944842,0.958832116331391
NM_001206612,1.8478584561195235,1.832320728093078,1.7614893903672098,0.9532599125943404
NM_025080,0.18257370394576836,0.09659195883618982,0.060785867923286774,0.33293878915521474
NM_001284513,1.3515571015972767,1.338924358684116,0.9983260772798213,0.7386488340744128
NM_024871,0.7344691752434851,0.6518064843617996,0.5424525935412082,0.738564138326675
NR_138471,1.440841806962585,1.4073412457257686,1.1103571248203927,0.7706308350124281
NM_001001,2.667543533834047,2.6302878026803236,2.594457614020914,0.9726017892918557
NM_003371,1.4271588977576448,1.4100894012858143,1.29493231428088,0.9073497816644527
NR_106860,1.3620146944920657,1.3617042229684782,0.8351118741607628,0.6131445406117296
NM_001100118,0.9895461327474814,0.9980516416562326,0.5972270727952467,0.6035363618036097
NM_002473,2.9414040872161777,2.8554188607795554,2.698631640669622,0.9174637556255244
NM_202494,2.211297234688146,2.1534084504052453,1.9588327047635126,0.8858296723008213
NM_181485,1.438785955387432,1.416361257009497,1.2138170049946253,0.8436397369946332
NM_014634,1.553350287310257,1.5427418796016954,1.3755392949218908,0.8855306534263696
NM_017870,1.1020173372495716,1.0550863471901533,0.7483401766290249,0.6790638870498548
NM_001163999,0.40991569395755656,0.2878480556234387,0.17148503274184507,0.4183421988219874
NM_005998,2.4893117242618783,2.441027447999898,2.3739610722704576,0.9536616282857768
NM_001136198,1.6181015093920836,1.6245195047261822,1.3272525713321408,0.8202529715399537
NM_001243014,0.6841333341952193,0.600464097356275,0.46908548289316104,0.6856638310790251
NM_001282941,0.3333577966333895,0.221127116392929,0.1174473574412127,0.3523162158717275
NM_001197331,1.0373824284711743,1.035904948493551,0.7125066043125757,0.6868311866074509
NM_001286709,1.6688825328492085,1.6355182263472647,1.556965303401989,0.932938821490241
NM_003952,1.7136602791899092,1.6879366779126375,1.5302850765905582,0.8929920913577823
NM_017916,1.8722606357287768,1.829669913311924,1.7446763263754366,0.9318554762522804
NM_153436,1.7032397371580792,1.6693299897641627,1.561896702199544,0.917015184724159
NM_016046,1.667792278769775,1.6171810444169021,1.5872021113818218,0.951678534303205
NR_027157,0.6804198737488089,0.6550964290614665,0.3712784288854377,0.5456607650800377
NM_138769,1.7800662637092852,1.7657137774720915,1.5101624893120602,0.8483743106086388
NM_178012,0.5152635054477842,0.3033971344925343,0.19704859553685772,0.3824229611713229
NM_004595,2.0866366722528715,2.068858798771673,1.797208514246329,0.8612944161026095
NM_001301182,1.1805999857373801,1.1399674140554366,1.0015634870620682,0.8483512613601387
NM_033342,0.6425700143601334,0.5906703879146891,0.396727260727792,0.6174070558254265
NM_001077399,1.8217262273502424,1.7667678757576983,1.7094499722904344,0.9383682062792074
NM_002204,2.1952874373469142,2.0595868455505464,1.8685338662471234,0.8511568163963601
NM_020695,1.1445922628826914,1.1215699156173,0.8576840271111835,0.7493358595235298
NM_014264,1.2882974102703035,1.2960924280616921,0.8583501945054893,0.6662671116643749
